combo_id,vectorizer,classifier,n_train,n_test,n_features,accuracy,balanced_accuracy,precision,recall,f1,roc_auc,fit_time_sec,predict_time_sec
bow_unigram__logreg,bow_unigram,logreg,8032,2007,28987,0.5316392625809666,0.509939667313768,0.6312236286919831,0.5979216626698641,0.6141215106732348,0.5220384538929703,2.368719707999844,0.7871345409657806
bow_unigram__linear_svc,bow_unigram,linear_svc,8032,2007,28987,0.5406078724464375,0.5168722165125043,0.6365145228215767,0.6131095123900879,0.6245928338762216,0.5204365608042667,2.6179840419790708,0.7734502920066006
bow_unigram__random_forest,bow_unigram,random_forest,8032,2007,28987,0.6183358246138515,0.4988818469034296,0.6227848101265823,0.9832134292565947,0.7625542467451953,0.5240759773133873,3.3258303749607876,0.8917774159926921
tfidf_unigram__logreg,tfidf_unigram,logreg,8032,2007,28987,0.5331340308918784,0.5153258345704389,0.6358131487889274,0.5875299760191847,0.6107187370170336,0.5243413734620769,1.778901667043101,0.7795188339659944
tfidf_unigram__linear_svc,tfidf_unigram,linear_svc,8032,2007,28987,0.5406078724464375,0.5173956073236649,0.6369691923397169,0.6115107913669064,0.6239804241435563,0.5209863854947788,1.7317694169469178,0.7795040830387734
tfidf_unigram__random_forest,tfidf_unigram,random_forest,8032,2007,28987,0.6243148978574987,0.5065566594343572,0.6264631043256997,0.9840127897681854,0.7655472636815921,0.5266627967467297,3.5012382909771986,0.8942759169731289
tfidf_bigram__logreg,tfidf_bigram,logreg,8032,2007,199546,0.5421026407573493,0.5154543032240874,0.6351791530944625,0.6235011990407674,0.6292860024203307,0.5271930603665216,3.0035871660220437,1.1451835419866256
tfidf_bigram__linear_svc,tfidf_bigram,linear_svc,8032,2007,199546,0.5455904334828101,0.50516729473564,0.6269662921348315,0.6690647482014388,0.6473317865429234,0.5216747237130931,3.0211529579828493,1.163037999998778
tfidf_bigram__random_forest,tfidf_bigram,random_forest,8032,2007,199546,0.6223218734429496,0.5039111567888546,0.6251904520060945,0.9840127897681854,0.7645962732919255,0.5197096291220992,7.724760500015691,1.2938089160015807
