model,best_cv_score,best_params,test_accuracy,test_balanced_accuracy,test_precision,test_recall,test_f1,test_roc_auc,cv_test_gap
logreg,0.5400541430418654,"{'clf__C': 0.1, 'clf__l1_ratio': 0.0, 'vect__max_df': 0.9, 'vect__min_df': 5, 'vect__ngram_range': (1, 1)}",0.5381165919282511,0.5318840165962468,0.6514018691588785,0.5571542765787371,0.6006031882809134,0.5317069096045914,0.008347233437273949
linear_svc,0.5402112338571173,"{'clf__C': 0.01, 'vect__max_df': 0.9, 'vect__min_df': 5, 'vect__ngram_range': (1, 1)}",0.5371200797209765,0.5318697423013969,0.6516007532956686,0.5531574740207834,0.598357111975789,0.532296913791718,0.007914320065399383
random_forest,0.5336747680991786,"{'clf__max_depth': 50, 'clf__min_samples_split': 10, 'clf__n_estimators': 500}",0.6098654708520179,0.514593087434814,0.6310190369540873,0.9008792965627498,0.7421797826802766,0.5214537364817141,0.012221031617464462
