model,best_cv_score,best_params,test_accuracy,test_balanced_accuracy,test_precision,test_recall,test_f1,test_roc_auc,cv_test_gap
logreg,0.5398234550878901,"{'C': 100, 'l1_ratio': 1.0}",0.5480817140009965,0.550345437935366,0.6702970297029703,0.5411670663469225,0.5988500663423264,0.5691066194663317,-0.029283164378441584
svm_rbf,0.5394116331927623,"{'C': 0.1, 'gamma': 'scale'}",0.5276532137518685,0.5316032887975335,0.6534954407294833,0.5155875299760192,0.5764075067024129,0.5630448022534353,-0.02363316906067303
random_forest,0.5290645767248642,"{'max_depth': 50, 'min_samples_split': 5, 'n_estimators': 500}",0.6233183856502242,0.5,0.6233183856502242,1.0,0.7679558011049724,0.556982985040539,-0.027918408315674825
