auc_bow,auc_emb,diff_auc,se_diff,delong_z,delong_p,bootstrap_ci_lo,bootstrap_ci_hi,n_test_rows,n_bootstrap
0.5322969137917181,0.5691066194663318,0.036809705674613724,0.01623067797561306,2.267909309144146,0.023334734841987004,0.005192030728476837,0.0679939912449004,2007,1000
